stop_name,type,line_name,stop_id,location,identifier
"Marienfelde, Daimlerstrasse",strassenbahn,15,19650,,
Großbeerenstrasse Ecke Daimlerstrasse,strassenbahn,15,19651,,
Mariendorferdamm Ecke Alt-Mariendorf,strassenbahn,15,19653,,
Imbosweg Ecke Alt-Mariendorf,strassenbahn,15,19654,,
Mariendamm Friedhof,strassenbahn,15,19655,,
Industriestrasse Ecke Rixdorferstrasse,strassenbahn,15,19656,,
"Frauenklinik, Mariendorferweg",strassenbahn,15,19658,,
Hermannstrasse/Britzer Damm,strassenbahn,15,19659,,
Richardstrasse Ecke Braunschweigerstrasse,strassenbahn,15,196511,,
Saalestrasse Ecke Braunschweigerstrasse,strassenbahn,15,196512,,
U-Bhf. Blaschkoallee,strassenbahn,47,196516,,
Buschkrug Ecke Blaschkoallee,strassenbahn,47,196517,,
Onkel-Herse-Strasse Ecke Buschkrugalee,strassenbahn,47,196518,,
Parchimerallee Ecke Buschkrugallee,strassenbahn,47,196519,,
Grünerweg Ecke Buschkrugallee,strassenbahn,47,196520,,
Wildmeisterdamm Ecke Neuköllnerstrasse,strassenbahn,47,196523,,
Stubenrauchstrasse Ecke Neuköllnerstrasse,strassenbahn,47,196524,,
Köpenickerstrasse Ecke Neuköllnerstrasse,strassenbahn,47,196525,,
Groß-Ziethener-Chaussee Ecke Waltersdorferchaussee,strassenbahn,47,196526,,
"Rudow, Stadtgrenze",strassenbahn,47P,196527,,
Luisenlatz,strassenbahn,53,196529,,
Kirschenallee Ecke Spandauerdamm,strassenbahn,53,196531,,
Spandauer Markt,strassenbahn,53,196536,,
Lynarstrasse Ecke Neuendorferstrasse,strassenbahn,53,196538,,
Hohenzollernring Ecke Neuendorferstrasse,strassenbahn,53,196539,,
"Hakenfelde, Niederneuendorferallee",strassenbahn,53,196540,,
Lynarstrasse Ecke Schönwalderstrasse,strassenbahn,54,196541,,
Hohenzollernring Lynarstrasse Ecke Schönwalderstrasse,strassenbahn,54,196542,,
"Spandau, Johannesstift",strassenbahn,54,196543,,
Otto-Suhr-Allee Ecke Leibnizstrasse Richard-Wagner-Platz,strassenbahn,55,196546,,
Osnabrückerstrasse Ecke Tegelerweg,strassenbahn,55,196548,,
Quellweg Ecke Nonnendammallee,strassenbahn,55,196550,,
Hohensollernring Ecke Neuendorferstrasse,strassenbahn,55,196554,,
"Spandau, Hakenfelde",strassenbahn,55,196555,,
"Zoo, Kantstrasse",strassenbahn,75,196556,,
Preußenallee Ecke Masurenallee,strassenbahn,75,196562,,
Reichssportstrasse Ecke Heerstrasse,strassenbahn,75,196563,,
Hohenzollernring Ecke Schönwalderstrasse Ecke Johannesstift,strassenbahn,76,196570,,
Lindenstrasse Ecke Kochstrasse,strassenbahn,96,196571,,
Yorckstrasse Ecke Mehringdamm,strassenbahn,96,196573,,
Seydlitzstrasse Ecke Lankwitzerstrasse,strassenbahn,96,196580,,
Ostpreußendamm Ecke Morgensternstrasse,strassenbahn,96,196582,,
Giesensdorferstrasse Ecke Wismarerstrasse,strassenbahn,96,196583,,
"Lichterfelde, Goerzallee",strassenbahn,96,196584,,
Dovebrücke,autobus,A1,196587,,
Otto-Suhr-Allee Ecke Cauerstrasse,autobus,A1,196588,,
Kurfürstendamm Ecke Leibnizstrasse,autobus,A1,196589,,
Berlnerstrasse Ecke Brandenburgischestrasse,autobus,A1,196591,,
Hildgardstrasse Ecke Blissestrasse,autobus,A1,196592,,
Detmolderstrasse Ecke Blissestrasse,autobus,A1,196593,,
Pacelliallee/Thielallee,autobus,A1,196596,,
Potsdamerstrasse Ecke Clayallee,autobus,A1,196599,,
Machnowerstrasse Ecke Teltowerdamm,autobus,A1,1965101,,
Beeskowdamm Ecke Teltowerstrasse,autobus,A1,1965102,,
Wismarerstrasse Ecke Goerzallee,autobus,A1,1965103,,
Spichernstrasse Ecke Bundesallee,autobus,A2,1965106,,
Berlinerstrasse Ecke Bundesallee,autobus,A2,1965107,,
Steglitzerdamm Ecke Halskestrasse,autobus,A2,1965113,,
Havensteinstrasse Ecke Gallwitzallee,autobus,A2,1965116,,
Lerbacher Weg,autobus,A2,1965117,,
Trippsteinstrase Ecke Frankenhauserstrasse,autobus,A2,1965118,,
Winfriedstrasse Ecke Clayallee,autobus,A3,1965119,,
Sundgauerstrasse Ecke Clayallee,autobus,A3,1965120,,
Lindenthalerallee Ecke Argentischestrasse,autobus,A3,1965123,,
Spanischeallee Ecke Potsdamerschaussee,autobus,A3,1965124,,
Schopenhauerstrasse Ecke Spanischeallee,autobus,A3,1965125,,
Borussenstrasse Ecke Spanischeallee,autobus,A3,1965126,,
Am Beelitzhof Ecke Kronprinzessinnenweg,autobus,A3,1965127,,
Am Großen Wannssee Ecke Könitgstrasse,autobus,A3,1965129,,
"Neu-Westend, Brixplatz",autobus,A4,1965133,,
Bundesallee Ecke Badenschestrasse,autobus,A4,1965139,,
Dudenstrasse Ecke Katzbachstrasse,autobus,A4,1965144,,
Flughafenstrasse Ecke Hermannstrasse,autobus,A4,1965147,,
Kienitzerstrasse Ecke Karl-Marx-Strasse,autobus,A4,1965148,,
Harzerstrasse Ecke Eisenstrasse,autobus,A4,1965150,,
Breite Straße Ecke Charlottenstraße,autobus,A5,1965155,,
Zeppelinstrasse Ecke Seegefelderstrasse,autobus,A5,1965157,,
Falkenseerchaussee Ecke Zeppelinstrasse,autobus,A5,1965158,,
"Spandau, Landesnervenklinik",autobus,A5,1965160,,
S-Bhf. Wannsee,autobus,A6,1965161,,
Königstrasse Ecke Kronprinzessinnenweg,autobus,A6,1965162,,
Pfaueninselschaussee Ecke Königstrasse,autobus,A6,1965163,,
Friedenstrasse Ecke Königstrasse,autobus,A6,1965164,,
Nikolskoerweg Ecke Königstrasse,autobus,A6,1965166,,
Paulsternstrasse Ecke Nonnendamm,autobus,A10,1965169,,
Verwaltungs-Gebaüde,autobus,A10,1965170,,
Spandauerdamm Ecke Fürstenbrunnerweg,autobus,A10,1965171,,
Masurenallee Ecke Messedamm,autobus,A10,1965173,,
Hundekehlestrasse Ecke Warnemu nderstrasse,autobus,A10,1965178,,
Berlinerstrasse Ecke Thielallee,autobus,A10,1965181,,
Berlinerstrasse Ecke Sundgauerstrasse,autobus,A10,1965182,,
Teltowerdamm Ecke Machnowerstrasse,autobus,A10,1965184,,
Lupsteinerweg Ecke Sachtlebenstrasse,autobus,A10,1965186,,
Saargemünderstrasse Ecke Clayallee,autobus,A11,1965187,,
Ihnestrasse Ecke Garystrasse,autobus,A11,1965188,,
Unter den Eichen Ecke Habelschwendterallee,autobus,A11,1965190,,
Gardeschützerweg Ecke Drakestrasse,autobus,A11,1965191,,
Ringstrasse Ecke Drakestrasse,autobus,A11,1965192,,
Ostrpreußendamm Ecke Königsbergerstrasse,autobus,A11,1965194,,
Marienstrasse Ecke Königsbergerstrasse,autobus,A11,1965195,,
Morgensternstrasse Ecke Königsbergerstrasse,autobus,A11,1965196,,
Langestrasse Ecke Lorenzstrasse,autobus,A11,1965198,,
Hildburghauserstrasse Ecke Mariannenstrasse,autobus,A11,1965199,,
Stadtilmerweg,autobus,A11,1965200,,
"Marienelde, Alt-Marienfelde",autobus,A11,1965201,,
Gartenstrasse Ecke Bernauerstrasse,autobus,A12,1965202,,
Grenzstrasse Ecke Ackerstrasse,autobus,A12,1965203,,
Emmentalerstrasse Ecke Aroserallee,autobus,A12,1965207,,
Lindauerallee Ecke Roedernallee,autobus,A12,1965208,,
Cyclopstrasse Ecke Hermsdorferstrasse,autobus,A12,1965211,,
Zabel-Krüger-Damm Ecke Oraniendamm,autobus,A12,1965212,,
Almutstrasse Ecke Berlinerstrasse,autobus,A12,1965213,,
Hermsdorferdamm Ecke Berlinerstrasse,autobus,A12,1965214,,
Zeitingerplatz,autobus,A12,1965215,,
Donnersmarkplatz,autobus,A12,1965216,,
Hainbuchenstrasse Ecke Stolzingstrasse,autobus,A12,1965217,,
"Heiligensee, Alt-Heiligensee",autobus,A13,1965218,,
Am Dachsbau Ecke Heiligenseestrasse,autobus,A13,1965219,,
Ruppinerchaussee Ecke Heiligenseestrasse,autobus,A13,1965221,,
Bernauerstrasse Ecke Berlinerstrasse,autobus,A13,1965223,,
Strasse nach Saatwinkel Ecke Bernauerstrasse,autobus,A13,1965225,,
Daumstrasse Ecke Am Juliusturm,autobus,A13,1965227,,
Carl-Schurzstrasse Ecke Am Juliusturm,autobus,A13,1965228,,
Päwesinerweg Ecke Seeburgerstrasse,autobus,A13,1965230,,
Weinmeisterhornweg Ecke Wilhelmstrasse,autobus,A13,1965232,,
Mattenbuder Pfad Ecke Henningsdorferstrasse,autobus,A14,1965233,,
Ruppinerchaussee Ecke Henningsdorferstrasse,autobus,A14,1965234,,
Schulzendorferstrasse Ecke Ruppinerchaussee,autobus,A14,1965235,,
Heiligenseestrasse Ecke Karolinenstrasse,autobus,A14,1965236,,
"Alt-Wittenau, Rathaus Reinickendorf",autobus,A14,1965238,,
Aroserallee Ecke Lindauerallee,autobus,A14,1965239,,
Kopenhagenerstrasse Ecke Klemkestrasse,autobus,A14,1965240,,
Klemkestrasse Ecke Sommerstrasse,autobus,A14,1965241,,
Pankowerallee Ecke Provinzstrasse,autobus,A14,1965242,,
Osloerstrasse Ecke Drontheimerstrasse,autobus,A14,1965243,,
U-Bhf. Gresundbrunnen,autobus,A14,1965245,,
Rügenerstrasse Ecke Brunnenstrasse,autobus,A14,1965246,,
Lübaserstrasse Ecke Eichorsterweg,autobus,A15,1965247,,
Cyclopstrasse Ecke Oranienburgerstrasse,autobus,A15,1965248,,
Holzhauserstrasse Ecke Breitenbachstrasse,autobus,A15,1965251,,
Borsigwalderweg Ecke Ecke Conradstrasse,autobus,A15,1965252,,
Hermsdorferdamm Ecke Karolinenstrasse,autobus,A15,1965254,,
Schulzendorferstrasse Ecke Hermsdorferdamm,autobus,A15,1965255,,
Dominikus Krankenhaus,autobus,A15,1965256,,
Donersmarkplatz,autobus,A15,1965257,,
Zeitlingerplatz,autobus,A15,1965258,,
Invalidensiedlung,autobus,A15,1965260,,
Osloerstrasse Ecke Koloniestrasse,autobus,A16,1965261,,
Luise-Schroeder-Platz,autobus,A16,1965262,,
Fennstrasse Ecke Tegelerstrasse,autobus,A16,1965264,,
Wilsnackerstrasse Ecke Perlebergerstrasse,autobus,A16,1965265,,
Wiesbadenstrasse Ecke Südwestkorso,autobus,A16,1965270,,
Englerallee Ecke Su dwestkorso,autobus,A16,1965271,,
Warnemünderstrasse Ecke Breitestrasse,autobus,A17,1965275,,
U-Bhf. Rüdesheimerplatz,autobus,A17,1965276,,
Königsbergerstrasse Ecke Ostpreußendamm,autobus,A17,1965281,,
Oberhoferplatz,autobus,A17,1965282,,
Sophie-Charlotte-Strasse Ecke Clayallee,autobus,A18,1965284,,
Scharfestrasse Ecke Clayallee,autobus,A18,1965285,,
Mittelstrasse Ecke Potsdamerstrasse,autobus,A18,1965286,,
Wolzogenstrasse Ecke Potsdamerchaussee,autobus,A18,1965287,,
Spanischeallee Ecke Potsdamerchaussee,autobus,A18,1965288,,
Quantzstrasse Ecke Potsdamerchaussee,autobus,A18,1965290,,
Kronprinzessinnenweg Ecke Königsstrasse,autobus,A18,1965291,,
Am Großen Wannsee Ecke Königsstrasse,autobus,A18,1965292,,
Pfaueninselchaussee Ecke Königsstrasse,autobus,A18,1965293,,
Erdenerstrasse Ecke Königsallee,autobus,A19,1965296,,
Wilmersdorferstrasse Ecke Kurfürstendamm,autobus,A19,1965297,,
Olivaerplatz,autobus,A19,1965298,,
Joachimstrasse Ecke Kurfürstendamm,autobus,A19,1965299,,
Potsdamerstrasse Ecke Bülowstrasse,autobus,A19,1965302,,
Bautzenerstrasse Ecke Yorckstrasse,autobus,A19,1965303,,
Katzbachstrasse Ecke Mehringdamm,autobus,A19,1965304,,
Flughafen Tempelhof,autobus,A19,1965306,,
"Tegelort, Almazeile",autobus,A20,1965307,,
Heiligenseestrasse Ecke Heiligenseestrasse,autobus,A20,1965311,,
Hatzfeldtallee Ecke Gorkistrasse,autobus,A20,1965313,,
Martin-Luther-Friedhaus,autobus,A20,1965314,,
Waldhornstrasse Ecke Waidmannslusterdamm,autobus,A20,1965316,,
Cyclopstrasse Ecke Waidmannslusterdamm,autobus,A20,1965317,,
Oraniendamm Ecke Waidmannslusterdamm,autobus,A20,1965318,,
Lübars Dorfaue,autobus,A20,1965320,,
Wilhelmsruher Damm/Wentowsteig,autobus,A21,1965321,,
Oranienburgerstrasse Ecke Wilhelmsruherdamm,autobus,A21,1965322,,
Scharnweberstrasse Ecke Eichborndamm,autobus,A21,1965324,,
Heckerdamm Ecke Kurt-Schumacherdamm,autobus,A21,1965327,,
Olbersstrasse Ecke Kurt-Schumacherdamm,autobus,A21,1965328,,
Hohenzollerndamm Ecke Seesenerstrasse,autobus,A21,1965332,,
"Moabit, Wiebestrasse",autobus,A24,1965333,,
Gotzkowskystrasse Ecke Huttenstrasse,autobus,A24,1965334,,
Rathenowerstrasse Ecke Turmmstrasse,autobus,A24,1965336,,
Alt-Moabit Ecke Rathenowerstrasse,autobus,A24,1965337,,
John-Foster-Dulles Ecke Spreeweg,autobus,A24,1965338,,
Tiergartenstrasse Ecke Großer Stern,autobus,A24,1965339,,
Potsdamerstrasse Ecke Schöneberger Ufer,autobus,A24,1965340,,
Alexandrinenstrasse Ecke Neuendburgerstrasse,autobus,A24,1965344,,
Gneisenaustrasse Ecke Zossenerstrasse,autobus,A24,1965345,,
Lietzenburgerstrasse Ecke Joachimstalerstrasse,autobus,A25,1965351,,
Pariserstrasse Ecke Bundesallee,autobus,A25,1965352,,
Grazerplatz,autobus,A25,1965354,,
Tempelhoferdamm Ecke Ordensmeisterstrasse,autobus,A25,1965356,,
Gottlieb-Dunkelstrasse Ecke Germaniastrasse,autobus,A25,1965357,,
Britzerdamm Ecke Tempelhoferweg,autobus,A25,1965358,,
U-Bhf. Parchimerallee,autobus,A25,1965359,,
Grünerweg Ecke Parchimerallee,autobus,A25,1965360,,
Kreuzbergstrasse Ecke Katzbachstrasse,autobus,A28,1965362,,
Mehringdamm Ecke Yorckstrasse,autobus,A28,1965364,,
Zossenerstrasse Ecke Gneisenaustrasse,autobus,A28,1965365,,
U-Bhf. Kottbuser Tor,autobus,A28,1965369,,
Köpenickerstrasse Ecke Manteufelstrasse,autobus,A28,1965372,,
Heckmannufer Ecke Schlesischestrasse,autobus,A28,1965374,,
Berkaerstrasse Ecke Teplitzerstrasse,autobus,A29,1965375,,
Franzensbaderstrasse Ecke Hubertusallee,autobus,A29,1965376,,
Joachim-Friedrichstrasse Ecke Kurfürstendamm,autobus,A29,1965378,,
Joachimstalerstrasse Ecke Kurfürstendamm,autobus,A29,1965380,,
Lützowstrasse Ecke Potsdamerstrasse,autobus,A29,1965381,,
Schönebergerstrasse Ecke Hallesches Ufer,autobus,A29,1965382,,
Askanischerplatz,autobus,A29,1965383,,
Nauenerstrasse Ecke Brunsbüttlerdamm,autobus,A31,1965388,,
Magistratsweg Ecke Brunsbüttelerdamm,autobus,A31,1965389,,
Hackbuschstrasse Ecke Torweg,autobus,A31,1965390,,
Gritznerstrasse Ecke Schildhornstrasse,autobus,A32,1965392,,
Schloßstrasse Ecke Schildhornstrasse,autobus,A32,1965393,,
"Rathaus Steglitz, Schloßstrasse",autobus,A32,1965394,,
Sedanstrasse Ecke Albrechtstrasse,autobus,A32,1965396,,
Stindestrasse Stindestrasse,autobus,A32,1965397,,
Bhf. Lankwitz,autobus,A32,1965398,,
Marchandstraasse Ecke Malteserstrasse,autobus,A32,1965400,,
Marienfelderallee Ecke Malteserstrasse,autobus,A32,1965401,,
Stegerwaldstrasse Ecke Marienfelderallee,autobus,A32,1965402,,
Bahnstrasse Ecke Marienfelderallee,autobus,A32,1965403,,
Heinrich-Seidelstrasse Ecke Steglitzerdamm,autobus,A33,1965406,,
S-Bhf. Südende,autobus,A33,1965407,,
Steglitzerdamm Ecke Attilastrasse,autobus,A33,1965408,,
Kaiser-/Ringstrasse,autobus,A33,1965409,,
Rathausstrasse Ecke Kaiserstrasse,autobus,A33,1965410,,
Kaiserstrasse Ecke Mariendorferdamm,autobus,A33,1965411,,
Pionierstrasse Ecke Zeppelinstrasse,autobus,A34,1965413,,
Askanierring Ecke Falkenhagenerstrasse,autobus,A34,1965414,,
"Spandau, Hafenplatz",autobus,A34,1965415,,
Heerstrasse Ecke Pichelsdorferstrasse,autobus,A34,1965418,,
Großglienickerweg Ecke Kladowerdamm,autobus,A34,1965422,,
Krankenhaus Havelhaus,autobus,A34,1965424,,
Alt-Kladow Ecke Kladowerdamm,autobus,A34,1965425,,
Schweizerhaus,autobus,A34,1965426,,
Alt-Gatow,autobus,A34 E,1965428,,
Großglienickerweg,autobus,A34 E,1965429,,
Krampnitzerweg Ecke Sakrower Landstrasse,autobus,A35,1965431,,
"Kladow, Hottengrund",autobus,A35,1965432,,
Sarkower Landstrasse Ecke Kladowerdamm,autobus,A35 E,1965434,,
Krampnitzerweg Ecke Krampnitzerweg,autobus,A35 E,1965435,,
Pottensteinerweg Ecke Selbitzerstrasse,autobus,A35 E,1965436,,
Lanzendorferweg Ecke Pottensteinerweg,autobus,A35 E,1965437,,
"Zehlendorf, Potsdamerstrasse Ecke Fischerhüttenstrasse",autobus,A48,1965439,,
Teltowerdamm Ecke Potsdamerstrasse,autobus,A48,1965440,,
Sundgauerstrasse Ecke Potsdamerstrasse,autobus,A48,1965441,,
Dahlemerweg Ecke Berlinerstrasse,autobus,A48,1965442,,
Hindenburgdamm Ecke Unter den Eichen,autobus,A48,1965444,,
Bundesallee Ecke Schloßstrasse,autobus,A48,1965445,,
Innsbruckerplatz,autobus,A48,1965446,,
Pallasstrasse Ecke Potsdamerstrasse,autobus,A48,1965447,,
Tiergartenstrasse/Philharmonie,autobus,A48,1965449,,
"Roseneck, Rheinbabenallee",autobus,A50,1965450,,
Forckenbeckstrasse Ecke Hohenzollerndamm,autobus,A50,1965451,,
Rudolstädterstrasse,autobus,A50,1965452,,
U-Bhf. Fehrbellinerplatz,autobus,A50,1965453,,
Pragerplatz,autobus,A50,1965455,,
Königstrasse Ecke Am Großen Wannsee,autobus,A51,1965456,,
Kettingerstrasse Ecke Buckowerchaussee,autobus,A52,1965460,,
Lichenraderdamm Ecke Buckowerchaussee,autobus,A52,1965461,,
Bühlerweg,autobus,A52,1965462,,
Buckower Friedhaus,autobus,A52,1965463,,
Buckowerdamm Ecke Alt-Buckow,autobus,A52,1965464,,
Gründerweg Ecke Johannisthalerchaussee,autobus,A52,1965465,,
Triftweg Ecke Johannisthalerchaussee,autobus,A52,1965466,,
Rudowerstrasse Ecke Johannisthalerchaussee,autobus,A52,1965467,,
Wildmeisterdamm Ecke Neuköllnerstrasse,autobus,A52,1965469,,
Köpenickerstrasse Ecke Neuköllnerstrasse,autobus,A52,1965470,,
Mimosenweg Ecke Köpenickerstrasse,autobus,A52,1965472,,
Stubenraustrasse Ecke Kanalstrasse,autobus,A52,1965473,,
Krottnauererstrasse Ecke Alemannenstrasse,autobus,A53,1965475,,
Waldmarplatz,autobus,A53,1965476,,
Argentinischeallee Ecke Matterhornstrasse,autobus,A53,1965477,,
Dahlemerweg,autobus,A53,1965479,,
Luzernerstrasse,autobus,A53,1965481,,
Thunerplatz,autobus,A53,1965482,,
Lankwitzerstrasse Ecke Königsbergerstrasse,autobus,A53,1965484,,
"Grunewald, Roseneck",autobus,A60,1965485,,
Warnemu nderstrasse Ecke Hundekehlestrasse,autobus,A60,1965486,,
Aoppoterstrasse Ecke Breitestrasse,autobus,A60,1965487,,
Hamburgerstrasse Ecke Mecklenburgischestrasse,autobus,A60,1965488,,
U-Bhf. Heidelbergerplatz,autobus,A60,1965489,,
Brabanterplatz,autobus,A60,1965490,,
Berlinerstrasse Ecke Blissestrasse,autobus,A60,1965492,,
Güntzelstrasse Ecke Uhlandstrasse,autobus,A60,1965494,,
Ludwigkrichstrasse Ecke Uhlandstrasse,autobus,A60,1965495,,
Zobeltitzstrasse Ecke Eichborndamm,autobus,A61,1965497,,
"Reinickendorf, Sportplatz",autobus,A61,1965498,,
Schillingstrasse Ecke Scharnweber,autobus,A61,1965499,,
Karl-Schumacher-Platz,autobus,A61,1965500,,
Humboldtstrasse Ecke Ollenhauerstrasse,autobus,A61,1965501,,
Teichstrasse Ecke Lindauerallee,autobus,A61,1965503,,
Pankowerallee Ecke Residenzstrasse,autobus,A61,1965504,,
Gartenplatz,autobus,A61,1965510,,
"Wittenau, Cyclopstrasse",autobus,A62,1965511,,
August-Viktoria-Allee Ecke Ollenhauerstrasse,autobus,A62,1965513,,
Saatwinklerdamm Ecke Kurt-Schumacherdamm,autobus,A62,1965514,,
Olbersstrasse Ecke Tegelerweg,autobus,A62,1965515,,
Marburgerstrasse Ecke Tauentzstrasse,autobus,A62,1965518,,
Radelandstrasse Ecke Niederheideweg -Pionierstrasse Ecke Zeppelinstrasse,autobus,A63,1965519,,
Falkenseerchausee Ecke Zweibrückerstrasse,autobus,A63,1965520,,
Falkenseerplatz,autobus,A63,1965521,,
Am Juliusturm Ecke Breitestrasse,autobus,A63,1965522,,
Hochgerichtstrasse Ecke Seegefelderstrasse,autobus,A63,1965523,,
Seegefelderweg (Stadtgrenze),autobus,A63,1965524,,
Demminerstrasse Ecke Brunnenstrasse,autobus,A64,1965526,,
Prinzenallee Ecke Badstrasse,autobus,A64,1965527,,
Antwerpenstrasse Ecke Luxemburgerstrasse,autobus,A64,1965531,,
Seestrasse Ecke Amrumerstrasse,autobus,A64,1965532,,
Otawistrasse Ecke Afrikanischestrasse,autobus,A64,1965533,,
Müllerstrasse Ecke Afrikanischestrasse,autobus,A64,1965534,,
Holländerstrasse Ecke Septimerstrasse,autobus,A64,1965535,,
Kaiser-Schumacherdamm Ecke Heckerdamm,autobus,A65,1965537,,
Spandauerdamm Ecke Stadtautobahn,autobus,A65,1965539,,
Messedamm/Kaiserdamm,autobus,A65,1965540,,
Heidelbergerplatz,autobus,A65,1965542,,
Blissestrasse Ecke Detmolderstrasse,autobus,A65,1965543,,
Sachsendamm Ecke Eberstrasse,autobus,A65,1965544,,
Alboinstrasse Ecke Schönebergerstrasse,autobus,A65,1965545,,
Manteuffelstrasse Ecke Alt-Tempelhof,autobus,A65,1965546,,
Tempelhoferdamm Ecke Alt-Tempelhof,autobus,A65,1965547,,
Hermannstrasse Ecke Silberstreinstrasse,autobus,A65,1965549,,
Düppel-Süd,autobus,A66,1965552,,
Fercherstrasse Ecke Berlepschstrasse,autobus,A66,1965553,,
Andreezeile Ecke Berlepschstrasse,autobus,A66,1965554,,
Clayallee Ecke Teltowerdamm,autobus,A66,1965555,,
Schützallee Ecke Onkel-Toms-Strasse,autobus,A66,1965556,,
Mortitzplatz,autobus,A67,1965558,,
Hertzberplatz,autobus,A67,1965563,,
Neuköllnerallee Ecke Grenzallee,autobus,A67,1965565,,
Onkel-Herse-Strasse Eke Buschkrugallee,autobus,A67,1965569,,
Parchimerallee Ecke Buschkrugallee,autobus,A67,1965570,,
Otto-Wels-Ring Ecke Str. 454,autobus,A67,1965571,,
Thielallee Ecke Königin-Luise-Strasse,autobus,A68,1965572,,
Arnimallee Ecke Königin-Luise-Strasse,autobus,A68,1965574,,
Lepsiusstrasse Ecke Grunewaldstrasse,autobus,A68,1965575,,
Breitestrasse Ecke Albrechtstrasse,autobus,A68,1965576,,
Alboinstrasse Ecke Arnulfstrasse,autobus,A68,1965579,,
Tempelhoferdamm Ecke Friedrich-Karl-Strasse,autobus,A68,1965580,,
Kaiserin-Augusta-Strasse,autobus,A68,1965581,,
Alt-Tempelhof Ecke Tempelhoferdamm,autobus,A68,1965582,,
Trabenerstrasse Ecke Halenseestrasse,autobus,A69,1965585,,
Nürnbergerstrasse Ecke Kurfürstenstrasse,autobus,A69,1965587,,
Tiergartenstrasse Ecke Klingelhöferstrasse,autobus,A69,1965589,,
John-Foster-Dulles-Allee Ecke Neue Verbindungsstrasse,autobus,A69,1965591,,
"Wollankstrasse, Sektorengrenze",autobus,A70,1965593,,
Soldinerstrasse Ecke Prinzenallee,autobus,A70,1965594,,
Osloerstrasse Ecke Prinzenallee,autobus,A70,1965595,,
Wiesenstrasse Ecke Pankstrasse,autobus,A70,1965597,,
Ravenéstrasse Ecke Reinickendorferstrasse,autobus,A70,1965598,,
Tegelerstrasse Ecke Fennstrasse,autobus,A70,1965600,,
Rathenowerstrasse Ecke Perlebergerstrasse,autobus,A70,1965601,,
Turmstrasse Ecke Reinickendorferstrasse,autobus,A70,1965602,,
Berlichingenstrasse Ecke Turmstrasse,autobus,A70,1965605,,
Wiebestrasse Ecke Turmstrasse,autobus,A70,1965606,,
Lindauerallee Ecke Residenzstrasse,autobus,A71,1965608,,
Emmentalerstrasse Ecke Residenzstrasse,autobus,A71,1965609,,
Schäfersee,autobus,A71,1965610,,
Reginhardstrasse Ecke Pankowerallee,autobus,A71,1965611,,
Provinzstrasse Ecke Pankowerallee,autobus,A71,1965612,,
Ritterlandweg Ecke Soldinerstrasse,autobus,A71,1965613,,
Prinzenallee Ecke Soldinerstrasse,autobus,A71,1965614,,
Gustav-Meyer-Allee Ecke Brunnenstrasse,autobus,A71,1965616,,
Residenzstrasse Ecke Klemkestrasse,autobus,A72,1965617,,
Residenzstrasse Ecke Lindauerallee,autobus,A72,1965618,,
Pankstrasse Ecke Reinickendorferstrasse,autobus,A72,1965621,,
Heidestrasse Ecke Perlebergerstrasse,autobus,A72,1965622,,
Rathenowerstrasse Ecke Reinickendorferstrasse,autobus,A72,1965623,,
Wiebestrasse Ecke Huttenstrasse,autobus,A72,1965625,,
Tauroggenerstrasse Ecke Osnabrückerstrasse,autobus,A72,1965626,,
Quellweg Ecke Nonnendammallee,autobus,A72,1965628,,
Paulsternstrasse Nonnendammallee,autobus,A72,1965629,,
Kurfürstendamm Ecke Tauentzienstrasse,autobus,A73,1965631,,
Motzstrasse Ecke Kleiststrasse,autobus,A73,1965632,,
Rohdestrasse Ecke Germaniastrass,autobus,A73,1965637,,
Britzerdamm Ecke Gradestrasse,autobus,A73,1965639,,
"Britz, Buschkrug",autobus,A73,1965641,,
Königin-Elisabeth-Strasse/Messedamm,autobus,A74,1965642,,
Spandauerdamm Ecke Königin-Elisabeth-Strasse,autobus,A74,1965643,,
Schloßstrasse Ecke Seelingstrasse,autobus,A74,1965645,,
Kaiser-Friedrich-Strasse Ecke Kantstrasse,autobus,A74,1965647,,
Bundesalle Ecke Berlinerstrasse,autobus,A74,1965650,,
Egelinzeile,autobus,A74,1965652,,
"Lindenhof, Eythstrasse",autobus,A74,1965653,,
Munsterdamm Ecke Steglitzerdamm,autobus,A75,1965654,,
Bismarckstrasse Ecke Steglitzerdamm,autobus,A75,1965655,,
Lauenburgerplatz,autobus,A75,1965656,,
Oranienstrasse Ecke Kochstrasse,autobus,A75,1965659,,
Blohmstrasse Ecke Wünsdorferstrasse,autobus,A76,1965662,,
Bahnhofstrasse Ecke Prinzesssinnenstrasse,autobus,A76,1965663,,
Marienfelderstrasse Ecke Lichtenraderdamm,autobus,A76,1965664,,
Tauernallee Ecke Mariendorferdamm,autobus,A76,1965665,,
"Rennbahn, Mariendorferdamm",autobus,A76,1965666,,
Alt-Mariendorf Ecke Mariendorferdamm,autobus,A76,1965667,,
Burgmeisterstrasse Ecke Tempelhoferdamm,autobus,A76,1965668,,
Thuyring Ecke Tempelhoferdamm,autobus,A76,1965669,,
Bayernring Ecke Tempelhoferdamm,autobus,A76,1965670,,
"Marienfelde, Daimlerstrasse",autobus,A77,1965672,,
Großbeerenstrasse Ecke Daimlerstrasse,autobus,A77,1965673,,
Mariendorferdamm Ecke Alt-Mariendorf,autobus,A77,1965675,,
Markgrafenstrasse Ecke Mariendorferdamm,autobus,A77,1965676,,
Burgemeisterstrasse Ecke Tempelhoferdamm,autobus,A77,1965677,,
Paradestrasse Ecke Tempelhoferdamm,autobus,A77,1965679,,
Tropfsteinweg Ecke Quarzweg,autobus,A78,1965680,,
Tauernallee Ecke Quarzweg,autobus,A78,1965681,,
Mariendorferdamm Ecke Tauernallee,autobus,A78,1965682,,
U-Bhf. Leopoldplatz,autobus,A79,1965684,,
Pankowerallee Ecke Reginhardstrasse,autobus,A79,1965685,,
Büdnerring Ecke Emmentalerstrasse,autobus,A79,1965687,,
Somerstrasse Ecke Klemkestrasse,autobus,A79,1965688,,
Breitestrasse Ecke Marktstrasse,autobus,A80,1965689,,
Nauenerstrasse Ecke Brunsbüttelerdamm,autobus,A80,1965690,,
Egelpfuhlstrasse Ecke Brunsbüttelerdamm,autobus,A80,1965691,,
Nennhauserdamm Ecke Brunsbüttelerdamm,autobus,A80,1965692,,
- Friedrich-Wilhelm-Platz,autobus,A81,1965694,,
Steglitzerdamm Ecke Bismarckstrasse,autobus,A81,1965696,,
Leonorenstrasse Ecke Albrechtstrasse,autobus,A81,1965697,,
Alt-Lankwitz Dorfaue,autobus,A81,1965698,,
Imbrosweg Ecke Rixdorferstrasse,autobus,A81,1965699,,
Dardanellenweg Ecke Rixdorferstrasse,autobus,A81,1965700,,
Potsdamerstrasse Ecke Neue Verbindungsstrasse,autobus,A83,1965704,,
Reichpietsch Ufer Ecke Potsdamerstrasse,autobus,A83,1965705,,
Schöneberger Ufer Ecke Potsdamerstrasse,autobus,A83,1965706,,
Bülowstrasse Ecke Potsdamerstrasse,autobus,A83,1965707,,
"Grazer Platz, Rubensstrasse",autobus,A83,1965709,,
Bergstrasse Ecke Thorwaldsenstrasse,autobus,A83,1965710,,
Steglitzerdamm Ecke Munsterdamm,autobus,A83,1965711,,
Albrechtstrasse Ecke Siemensstrasse,autobus,A83,1965712,,
Malteserstrasse Ecke Paul-Schneiderstrasse,autobus,A83,1965713,,
Preysingstresse Ecke Malteserstrasse,autobus,A83,1965714,,
Belßstrasse Ecke Wichurastrasse,autobus,A83,1965715,,
Ringstrasse Ecke Pestalozzistrasse,autobus,A84,1965716,,
Kadettenweg Ecke Finckensteinallee,autobus,A84,1965717,,
Wisenbaude,autobus,A84,1965718,,
Klingsorstrasse Ecke Hindenburgerdamm,autobus,A84,1965720,,
Unter den Eichen Ecke Hindenburgdamm,autobus,A84,1965722,,
Schloßstrasse Ecke Hindenburgerdamm,autobus,A84,1965723,,
Florastrasse Ecke Schloßstrasse,autobus,A84,1965724,,
Bundesallee Ecke Berlinerstrassse,autobus,A85,1965729,,
Hildegardstrasse Ecke Bundesallee,autobus,A85,1965730,,
Schildhornstrasse Ecke Schoßstrasse,autobus,A85,1965731,,
Moltkestrasse Ecke Gardeschützenweg,autobus,A85,1965733,,
Drakestrasse Ecke Gardeschützenweg,autobus,A85,1965734,,
Goerzallee Ecke Wismarerstrasse,autobus,A85,1965737,,
Ostpreußendamm Ecke Wismarerstrasse,autobus,A85,1965738,,
Holtheimer Weg Ecke Wormbacher Weg,autobus,A85,1965739,,
Invalidenstrasse (Sektorengrenze),autobus,A86,1965740,,
Gotzkowskystrasse Ecke Alt-Moabit,autobus,A86,1965743,,
Helmholtzstrasse Ecke Franklinstrasse,autobus,A86,1965744,,
Kurfürstendamm Ecke Brandenburgischestrasse,autobus,A86,1965747,,
Konstanzerstrasse Ecke Brandenburgischestrasse,autobus,A86,1965748,,
Blissestrasse Ecke Mecklenburgischestrasse,autobus,A86,1965749,,
Schildhornstrasse Ecke Schloßstrasse,autobus,A86,1965750,,
Gardeschützenweg Ecke Hindenburgdamm,autobus,A86,1965751,,
Klingsorstrasse Ecke Birkbuschstrasse,autobus,A86,1965752,,
"Luisenplatz, Spandauer Damm",autobus,A87,1965755,,
Sophie-Charlotten-Strasse Ecke Spandauer Damm,autobus,A87,1965757,,
Pulsstrasse Ecke Sophie-Charlotten-Strasse,autobus,A87,1965758,,
Neue-Kantstrasse Ecke Messedamm,autobus,A88,1965759,,
Deutschland-Halle,autobus,A88,1965761,,
Eichamp (Alte Allee),autobus,A88,1965762,,
Bornholmer Brücke (Sektorengrenze),autobus,A89,1965763,,
Koloniestrasse Ecke Osloerstrasse,autobus,A89,1965765,,
Schwedenstrasse Ecke Osloerstrasse,autobus,A89,1965766,,
Reinickendorferstrasse Ecke Osloerstrasse,autobus,A89,1965767,,
Saatwinkler Damm/Beusselstrasse,autobus,A89,1965769,,
Beusselstrasse Ecke Sickingenstrasse,autobus,A89,1965770,,
Huttenstrasse Ecke Wiebestrasse,autobus,A89,1965772,,
Otto-Suhr-Allee Ecke Wilmersdorferstrasse,autobus,A89,1965774,,
Blissestrasse Ecke Brandenburgischestrasse,autobus,A89,1965775,,
Uhlandstrasse Ecke Berlinerstrasse,autobus,A89,1965776,,
Bundesallee Ecke Berlinerstrasse,autobus,A89,1965777,,
Martin-Luther-Strasse Ecke Berlinerstrasse,autobus,A89,1965778,,
Bülowstrasse Ecke Goebenstrasse,autobus,A89,1965780,,
Großbeerenstrasse Ecke Yorckstrasse,autobus,A89,1965781,,
Zossenerstrasse Ecke Blücherstrasse,autobus,A89,1965783,,
Ersnst-Reuter-Platz,autobus,A90,1965785,,
"U-Bhf. Turmstrasse, Alt-Moabit",autobus,A90,1965787,,
Kirchstrasse Ecke Alt-Moabit,autobus,A90,1965788,,
Turmstrasse Ecke Rathenowerstrasse,autobus,A90,1965789,,
Gartenstrasse & Grenzstrasse,autobus,A90,1965792,,
Germaniapromenade Ecke Britzerdamm,autobus,A91,1965797,,
Franz-Körnerstrasse Ecke Britzerdamm,autobus,A91,1965798,,
Gradestrasse Ecke Britzerdamm,autobus,A91,1965799,,
Tempelhofer Weg Ecke Britzerdamm,autobus,A91,1965800,,
Mohriner Allee Ecke Buckower Damm,autobus,A91,1965801,,
Klosterstrasse Ecke Ruhlebenerstrasse,autobus,A92,1965809,,
Schmidt-Knobelsdorf-Strasse Ecke Wilhelmstrasse,autobus,A92,1965810,,
Wilhelmstrasse/Heerstrasse,autobus,A92,1965811,,
"Rudow, Waßmannsdorfer Chaussee Ecke Groß Ziethener Chaussee",autobus,A93,1965813,,
Klein-Ziethener Weg Ecke Geflügelsteig,autobus,A93,1965817,,
Lockenfelder Weg Ecke Geflügelsteig,autobus,A93,1965818,,
Groß Ziethener Chaussee Ecke Geflügelsteig,autobus,A93,1965819,,
Pirnaer Strasse Ecke Groß Ziethener Chaussee,autobus,A93,1965820,,
Kolonie Ewige Heimat,autobus,A93,1965821,,
Waßmannsdorfer Chaussee Ecke Groß Ziethener Chaussee,autobus,A93,1965822,,
"Hermannplatz, Sonnenallee",autobus,A95,1965824,,
- Pannierstrasse Ecke Sonnenallee,autobus,A95,1965825,,
"Brunnenplatz, Pankstrasse",autobus,A99,1965830,,
Rathenowerstrasse Ecke Quitzowstrasse,autobus,A99,1965831,,
Gartenfelderstrasse Ecke Am Juliusturm,autobus,A99,1965835,,
Breitestrasse Ecke Charlottenstrasse,autobus,A99,1965837,,
Germesheimer Platz,autobus,A99,1965838,,
Fürstenberger Weg Ecke Spandauer Damm,autobus,AS1,1965839,,
Kirschenallee Ecke Spandauer Damm,autobus,AS1,1965840,,
Teltower Strasse Ecke Ruhlebenerstrasse,autobus,AS1,1965842,,
Lynarstrasse Ecke Neuendorferstrasse,autobus,AS1,1965843,,
Kurfürstendamm Ecke Joachimtalerstrasse,autobus,AS2,1965846,,
Hohenzollerndamm Ecke Joachimstalerstrasse,autobus,AS2,1965848,,
Trautenaustrasse Ecke Bundesallee,autobus,AS2,1965849,,
Canovastrasse Ecke Thorwaldsenstrasse,autobus,AS2,1965850,,
Tauernallee Ecke Mariendorfer Damm,autobus,AS2,1965853,,
Goltzstrasse Ecke Lichtenrader Damm,autobus,AS2,1965856,,
Steinstrasse Ecke Bahnhofstrasse,autobus,AS2,1965857,,
Clayallee Ecke Berlinerstrasse,autobus,AS3,1965862,,
Messedamm Ecke Neue Kantstrasse,autobus,AS4,1965867,,
Spanische Allee Ecke Kronprinzessinnenweg,autobus,AS4,1965868,,
Am Großen Wannsee Ecke Königstrasse- Rathaus Wannsee,autobus,AS4,1965869,,
